Date,Total Actual Demand (MGD),Total Projected Demand (MGD),Actual/Projected Demand,Total Plant Demand (MGD)
2020/01/01,12.47,12.06,1.03,12.77
2020/01/02,13.24,13.11,1.01,14.17
2020/01/03,13.57,13.53,1.00,14.1
2020/01/04,13.38,13.63,0.98,13.84
2020/01/05,13.52,13.7,0.99,14.51
2020/01/06,13.9,13.56,1.03,14.62
2020/01/07,13.89,13.48,1.03,14.32
2020/01/08,13.67,13.51,1.01,14.4
2020/01/09,13.46,13.71,0.98,14.61
2020/01/10,13.52,13.72,0.99,13.99
2020/01/11,13.3,13.67,0.97,13.99
2020/01/12,13.56,13.49,1.01,14.32
2020/01/13,13.54,13.7,0.99,14.04
2020/01/14,13.55,13.73,0.99,14.17
2020/01/15,13.39,13.74,0.97,14.07
2020/01/16,13.76,13.86,0.99,14.26
2020/01/17,13.74,13.82,0.99,14.39
2020/01/18,13.46,14.04,0.96,14.16
2020/01/19,13.82,13.97,0.99,14.2
2020/01/20,14.58,14.1,1.03,15.54
2020/01/21,13.23,14.15,0.93,14.78
2020/01/22,14.27,14.12,1.01,14.63
2020/01/23,14.06,14.15,0.99,14.69
2020/01/24,14.21,14.16,1.00,14.96
2020/01/25,14.29,14.25,1.00,14.92
2020/01/26,14.44,14.18,1.02,14.78
2020/01/27,14.37,14.2,1.01,15.23
2020/01/28,14.42,14.09,1.02,14.98
2020/01/29,14.04,14.33,0.98,14.51
2020/01/30,14.16,14.11,1.00,15.17
2020/01/31,14.01,14.04,1.00,14.87
2020/02/01,14.13,14.53,0.97,14.92
2020/02/02,14.58,14.34,1.02,15.62
2020/02/03,13.67,14.5,0.94,14.81
2020/02/04,14,14.22,0.98,16.08
2020/02/05,14.07,14.54,0.97,7.01
2020/02/06,15.85,14.51,1.09,13.25
2020/02/07,13.26,14.52,0.91,14.93
2020/02/08,13.65,14.66,0.93,17.75
2020/02/09,13.97,14.81,0.94,17.94
2020/02/10,14.58,14.58,1.00,18.35
2020/02/11,14.34,14.57,0.98,15.03
2020/02/12,14.18,14.47,0.98,15.19
2020/02/13,14.25,14.62,0.97,14.96
2020/02/14,14.54,14.61,1.00,14.92
2020/02/15,13.81,14.55,0.95,14.83
2020/02/16,14.23,14.6,0.97,15.06
2020/02/17,14.51,14.59,0.99,15.17
2020/02/18,14.59,14.43,1.01,15.52
2020/02/19,14.18,14.36,0.99,15.44
2020/02/20,14.81,14.41,1.03,15.56
2020/02/21,14.55,14.42,1.01,15.8
2020/02/22,14.37,14.48,0.99,15.58
2020/02/23,14.51,14.34,1.01,15.45
2020/02/24,14.44,14.04,1.03,15.61
2020/02/25,14.27,14.37,0.99,15.56
2020/02/26,14.3,14.45,0.99,15.28
2020/02/27,14.21,14.38,0.99,15.3
2020/02/28,14.41,14.4,1.00,15.74
2020/02/29,14.51,14.48,1.00,15.19
2020/03/01,14.18,14.48,0.98,15.51
2020/03/02,15.02,14.44,1.04,16.08
2020/03/03,15.86,14.53,1.09,16.79
2020/03/04,14.29,14.65,0.98,15.83
2020/03/05,15.59,14.65,1.06,16.75
2020/03/06,14.1,14.5,0.97,15.27
2020/03/07,14.41,14.49,0.99,15.74
2020/03/08,14.14,14.71,0.96,15.8
2020/03/09,14.52,14.82,0.98,23.27
2020/03/10,14.36,14.75,0.97,15.6
2020/03/11,14.81,14.39,1.03,16
2020/03/12,14.66,14.4,1.02,16.06
2020/03/13,13.73,14.2,0.97,14.86
2020/03/14,13.67,14.32,0.95,14.85
2020/03/15,13.57,14.12,0.96,14.73
2020/03/16,13.86,14.06,0.99,14.93
2020/03/17,13.04,13.97,0.93,14.33
2020/03/18,13.59,14.11,0.96,14.7
2020/03/19,12.55,14.39,0.87,13.71
2020/03/20,12.98,14.53,0.89,14.1
2020/03/21,13.53,14.71,0.92,14.46
2020/03/22,13.21,14.84,0.89,14.39
2020/03/23,13.89,14.55,0.95,14.93
2020/03/24,13.7,14.9,0.92,14.82
2020/03/25,14.26,15.11,0.94,15.2
2020/03/26,13.06,14.91,0.88,14.02
2020/03/27,13.22,15.15,0.87,14.13
2020/03/28,13.54,15.25,0.89,14.43
2020/03/29,13.28,15.16,0.88,14.73
2020/03/30,13.75,15.32,0.90,15.02
2020/03/31,14.38,15.51,0.93,16.1
2020/04/01,14.07,15.39,0.91,15.12
2020/04/02,13.08,15.16,0.86,13.66
2020/04/03,13.24,15.21,0.87,14.42
2020/04/04,13.87,15.87,0.87,14.7
2020/04/05,16.08,16.23,0.99,20.2
2020/04/06,14.49,16.03,0.90,17.62
2020/04/07,14.89,16.42,0.91,18.19
2020/04/08,14.52,16.85,0.86,19.1
2020/04/09,14.6,16.82,0.87,14.41
2020/04/10,14.63,16.7,0.88,13.95
2020/04/11,14.36,17.07,0.84,14.39
2020/04/12,13.18,17.08,0.77,12.24
2020/04/13,13.86,17.06,0.81,12.9
2020/04/14,13.65,16.8,0.81,12.73
2020/04/15,13.68,16.77,0.82,13.1
2020/04/16,12.75,16.81,0.76,11.64
2020/04/17,12.67,16.93,0.75,11.63
2020/04/18,13.28,17.92,0.74,12.08
2020/04/19,13.79,17.99,0.77,13.28
2020/04/20,13.96,17.74,0.79,13.43
2020/04/21,14.52,18.01,0.81,16.03
2020/04/22,14.81,18.29,0.81,16.15
2020/04/23,14.07,18.58,0.76,15.55
2020/04/24,12.84,18.84,0.68,14.9
2020/04/25,14.34,19,0.75,16.64
2020/04/26,14.78,18.54,0.80,17.34
2020/04/27,16.37,18.58,0.88,19.35
2020/04/28,16.46,19.08,0.86,19.56
2020/04/29,17.62,18.68,0.94,22.59
2020/04/30,17.38,19.22,0.90,22.16
2020/05/01,18.4,19.46,0.95,22.82
2020/05/02,15.69,20.2,0.78,17.47
2020/05/03,16.18,20.88,0.77,18.2
2020/05/04,16.22,21.95,0.74,16.08
2020/05/05,17.56,21.91,0.80,18.29
2020/05/06,17.89,21.59,0.83,20.7
2020/05/07,18.56,20.72,0.90,21.37
2020/05/08,19.36,20.58,0.94,22.46
2020/05/09,19.68,21.06,0.93,21.5
2020/05/10,20.36,21.01,0.97,22.97
2020/05/11,18.06,19.69,0.92,18.79
2020/05/12,17.45,19.04,0.92,13.9
2020/05/13,19.93,19.78,1.01,18.64
2020/05/14,17.99,20.54,0.88,15.69
2020/05/15,18.33,20.94,0.88,17.53
2020/05/16,18.44,21.31,0.87,19.51
2020/05/17,19.36,21.18,0.91,21.86
2020/05/18,23.89,20.83,1.15,28.27
2020/05/19,24.52,19.52,1.26,27.83
2020/05/20,28.58,19.41,1.47,32.97
2020/05/21,27.19,21.08,1.29,32.54
2020/05/22,30.75,20.93,1.47,36.12
2020/05/23,27.59,20.77,1.33,31.75
2020/05/24,22.05,20.57,1.07,22.93
2020/05/25,22.88,21.61,1.06,21.52
2020/05/26,22.91,21.62,1.06,23.42
2020/05/27,27.18,21.6,1.26,28.78
2020/05/28,25.57,23.28,1.10,27.01
2020/05/29,29.49,22.56,1.31,32.42
2020/05/30,26.83,23.22,1.16,29.54
2020/05/31,24.09,24.37,0.99,25.5
2020/06/01,27.77,25.97,1.07,30.11
2020/06/02,27.56,27.08,1.02,31.74
2020/06/03,31.29,27.19,1.15,41.07
2020/06/04,30.99,29.17,1.06,33.21
2020/06/05,33.2,29.22,1.14,36.69
2020/06/06,27.02,30.09,0.90,28.65
2020/06/07,25.69,29.81,0.86,26.61
2020/06/08,27.66,30.43,0.91,29.79
2020/06/09,23.7,30.28,0.78,22.68
2020/06/10,27.54,30.79,0.89,25.84
2020/06/11,30.05,31.11,0.97,30.54
2020/06/12,33.19,30.64,1.08,35.44
2020/06/13,31.3,31.15,1.00,33.55
2020/06/14,31.71,31.6,1.00,35.16
2020/06/15,34.69,32.88,1.06,38.66
2020/06/16,33.65,32.03,1.05,42.22
2020/06/17,33.83,31.5,1.07,43.87
2020/06/18,31,32.41,0.96,34.28
2020/06/19,27.48,32.62,0.84,28.62
2020/06/20,28.61,33.65,0.85,28.37
2020/06/21,28.38,33.5,0.85,30.68
2020/06/22,32.95,33.94,0.97,35.02
2020/06/23,31.28,34.32,0.91,33.82
2020/06/24,33.79,34.24,0.99,37.27
2020/06/25,30.77,34.25,0.90,33.83
2020/06/26,31.68,35.32,0.90,33.81
2020/06/27,31.61,35.9,0.88,31.38
2020/06/28,32.26,36.1,0.89,33.17
2020/06/29,36.42,36.6,1.00,39.28
2020/06/30,31.61,35.55,0.89,34.77
2020/07/01,34.19,34.75,0.98,37.41
2020/07/02,34.9,35.38,0.99,38.34
2020/07/03,38.69,36.17,1.07,42.5
2020/07/04,32.31,34.97,0.92,37.1
2020/07/05,34.38,33.43,1.03,38.07
2020/07/06,38.09,32.81,1.16,42.56
2020/07/07,37.62,31.01,1.21,40.43
2020/07/08,39.25,31.17,1.26,43.78
2020/07/09,37.99,32.5,1.17,42.08
2020/07/10,40.77,33.78,1.21,46.91
2020/07/11,38.67,34.91,1.11,43.64
2020/07/12,36.74,34.08,1.08,43.12
2020/07/13,38.2,34.09,1.12,43.23
2020/07/14,34.28,33.67,1.02,36.83
2020/07/15,31.47,33.7,0.93,37.98
2020/07/16,35.95,34.65,1.04,37.47
2020/07/17,39.34,34.8,1.13,44.66
2020/07/18,38.98,35.8,1.09,41.99
2020/07/19,35.7,34.95,1.02,40.83
2020/07/20,39.63,35.78,1.11,43.37
2020/07/21,36.64,35.31,1.04,38.44
2020/07/22,38.52,35.96,1.07,40.3
2020/07/23,37.05,36.56,1.01,39.67
2020/07/24,37.95,36.57,1.04,42.39
2020/07/25,36.35,35.62,1.02,38.47
2020/07/26,34.83,34.76,1.00,37.27
2020/07/27,37.06,34.86,1.06,42.62
2020/07/28,33.51,34.4,0.97,37.39
2020/07/29,35.46,34.23,1.04,38.93
2020/07/30,32.68,33.82,0.97,34.63
2020/07/31,34.5,34.08,1.01,34.58
2020/08/01,33.47,33.95,0.99,35.53
2020/08/02,33.12,33.63,0.98,35.67
2020/08/03,36.37,33.93,1.07,40.37
2020/08/04,32.68,32.84,1.00,35.7
2020/08/05,35.15,33.54,1.05,38.83
2020/08/06,33.15,33.48,0.99,37.65
2020/08/07,39.31,33.7,1.17,42.41
2020/08/08,36.08,34.04,1.06,39.99
2020/08/09,36.15,33.4,1.08,40.17
2020/08/10,38.39,33.69,1.14,43.14
2020/08/11,35.68,33.45,1.07,38.83
2020/08/12,37.1,34.02,1.09,41.27
2020/08/13,36.03,34.75,1.04,40.13
2020/08/14,38.18,34.16,1.12,42.66
2020/08/15,35.34,34.43,1.03,39.67
2020/08/16,35.37,33.14,1.07,39.62
2020/08/17,37.79,34.08,1.11,42.65
2020/08/18,36.62,34.02,1.08,39.95
2020/08/19,37.49,33.67,1.11,40.38
2020/08/20,34.41,34.09,1.01,36.71
2020/08/21,37.74,35.01,1.08,42.42
2020/08/22,36.25,35.26,1.03,41.33
2020/08/23,35.94,34.67,1.04,40.98
2020/08/24,38.81,35.38,1.10,42.49
2020/08/25,35.45,34.82,1.02,38.3
2020/08/26,36.36,35.34,1.03,39.8
2020/08/27,35.87,35.43,1.01,38.35
2020/08/28,35.26,35.59,0.99,38.18
2020/08/29,31.92,35.46,0.90,33.32
2020/08/30,30.96,35.24,0.88,34.42
2020/08/31,34.15,35.12,0.97,38.31
2020/09/01,33.18,34.89,0.95,35.89
2020/09/02,35.31,35.04,1.01,39.88
2020/09/03,33.44,35.06,0.95,37.17
2020/09/04,35.8,34.89,1.03,40.89
2020/09/05,34.13,34.74,0.98,38.05
2020/09/06,32.51,33.05,0.98,37.17
2020/09/07,29.69,33.21,0.89,33.47
2020/09/08,18.89,32.27,0.59,14.06
2020/09/09,18.39,32.17,0.57,16.48
2020/09/10,17.66,31.44,0.56,19.58
2020/09/11,18.83,30.51,0.62,18.92
2020/09/12,20.78,30.08,0.69,19.27
2020/09/13,22.55,29.08,0.78,22.4
2020/09/14,25.65,29.09,0.88,30.47
2020/09/15,25.63,28.81,0.89,31.85
2020/09/16,27.52,28.94,0.95,33.66
2020/09/17,27.28,28.98,0.94,31.81
2020/09/18,28.77,29.06,0.99,33.18
2020/09/19,27.29,29.6,0.92,31.92
2020/09/20,27.38,29.47,0.93,31.79
2020/09/21,29.09,29.69,0.98,33.7
2020/09/22,27.24,28.43,0.96,30.63
2020/09/23,29.65,28.43,1.04,33.27
2020/09/24,27.32,28.39,0.96,30.79
2020/09/25,28.27,28.31,1.00,32.64
2020/09/26,27.82,27.5,1.01,31.38
2020/09/27,24.82,27.11,0.92,26.34
2020/09/28,26.78,26.59,1.01,27.63
2020/09/29,25.03,25.51,0.98,26.39
2020/09/30,28.11,25.34,1.11,31.4
2020/10/01,18.32,25.41,0.72,20.34
2020/10/02,16.91,24.52,0.69,17.87
2020/10/03,15.74,24.06,0.65,18.19
2020/10/04,16.54,23.08,0.72,18.16
2020/10/05,16.57,22.47,0.74,19.42
2020/10/06,15.85,21.27,0.75,17.17
2020/10/07,16.84,21.1,0.80,16.69
2020/10/08,15.64,20.2,0.77,13.47
2020/10/09,15.5,19.21,0.81,14.77
2020/10/10,15.24,18.81,0.81,16.82
2020/10/11,15.03,18.5,0.81,17.96
2020/10/12,15.34,17.96,0.85,19.28
2020/10/13,15.37,17.76,0.87,18.86
2020/10/14,15.02,17.83,0.84,18.79
2020/10/15,14.55,17.87,0.81,16.41
2020/10/16,14.89,17.82,0.84,16.41
2020/10/17,14.67,17.63,0.83,15.42
2020/10/18,14.17,17.16,0.83,15.41
2020/10/19,14.34,16.98,0.84,16.11
2020/10/20,14.56,16.79,0.87,15.79
2020/10/21,14.76,16.42,0.90,16.15
2020/10/22,14.11,16.18,0.87,15.27
2020/10/23,14.13,15.78,0.90,15.55
2020/10/24,13.61,15.78,0.86,14.62
2020/10/25,13.02,15.49,0.84,14.01
2020/10/26,13.48,15.38,0.88,14.89
2020/10/27,14.14,15.58,0.91,15.44
2020/10/28,14.55,14.99,0.97,15.29
2020/10/29,14.15,15.14,0.93,15.65
2020/10/30,14.16,15.06,0.94,15.57
2020/10/31,14.29,14.48,0.99,16.12
2020/11/01,14.72,15.39,0.96,15.72
2020/11/02,14.87,15.49,0.96,16.07
2020/11/03,14.51,15.44,0.94,15.97
2020/11/04,14.48,15.09,0.96,15.99
2020/11/05,14.68,15.13,0.97,15.95
2020/11/06,14.11,15.56,0.91,15.25
2020/11/07,14.05,15.21,0.92,15.13
2020/11/08,14.3,15.13,0.95,15.69
2020/11/09,14.2,15.28,0.93,15.31
2020/11/10,14.63,15.3,0.96,15.29
2020/11/11,14.04,15.02,0.93,15.61
2020/11/12,14.18,15.21,0.93,15.61
2020/11/13,14.46,15.25,0.95,15.75
2020/11/14,14.09,15.04,0.94,15.1
2020/11/15,14.48,15.31,0.95,15.73
2020/11/16,15.1,15.05,1.00,16.08
2020/11/17,14.8,15.51,0.95,16.44
2020/11/18,14.33,15.1,0.95,15.6
2020/11/19,14.38,15.11,0.95,15.72
2020/11/20,14,14.91,0.94,14.87
2020/11/21,13.9,14.59,0.95,15.2
2020/11/22,14.09,13.75,1.02,15.5
2020/11/23,14.07,13.64,1.03,15.23
2020/11/24,13.39,13.3,1.01,13.5
2020/11/25,12.88,13.55,0.95,13.6
2020/11/26,11.09,13.94,0.80,11.95
2020/11/27,11.3,13.94,0.81,11.75
2020/11/28,12.89,13.92,0.93,13.01
2020/11/29,13.59,14.18,0.96,14.14
2020/11/30,13.71,14.47,0.95,14.43
2020/12/01,13.93,14.58,0.96,14.54
2020/12/02,14.25,14.69,0.97,14.5
2020/12/03,13.47,14.78,0.91,14.07
2020/12/04,13.09,14.93,0.88,13.67
2020/12/05,13.19,14.85,0.89,13.87
2020/12/06,13.68,14.44,0.95,14.22
2020/12/07,13.89,14.81,0.94,14.28
2020/12/08,14.28,14.76,0.97,14.81
2020/12/09,14.09,14.93,0.94,14.96
2020/12/10,13.76,14.93,0.92,14.54
2020/12/11,13.55,14.65,0.92,14.23
2020/12/12,13.41,14.82,0.90,14.38
2020/12/13,13.59,15,0.91,14.65
2020/12/14,13.72,14.79,0.93,14.18
2020/12/15,13.69,14.98,0.91,14.71
2020/12/16,13.85,14.68,0.94,14.94
2020/12/17,13.84,14.78,0.94,14.85
2020/12/18,14.03,14.68,0.96,14.57
2020/12/19,13.78,14.59,0.94,14.66
2020/12/20,13.86,14.7,0.94,14.8
2020/12/21,14.34,14.3,1.00,15.34
2020/12/22,14.264,13.97,1.02,19.92
2020/12/23,13.66,13.51,1.01,14.45
2020/12/24,12.69,12.14,1.05,13.93
2020/12/25,10.94,10.56,1.04,12
2020/12/26,12.38,13.03,0.95,13.24
2020/12/27,13.99,13.51,1.04,14.21
2020/12/28,14.25,13.66,1.04,15.37
2020/12/29,14.04,13.58,1.03,15.06
2020/12/30,14.21,13.49,1.05,15.16
2020/12/31,14.26,12.96,1.10,14.9
2021/01/01,12.85,12.36,1.04,13.73
2021/01/02,13.81,13.54,1.02,14.76
2021/01/03,14.2,14,1.01,15.34
2021/01/04,14.67,14.01,1.05,15.14
2021/01/05,14.86,14.14,1.05,15.97
2021/01/06,14.6,14.01,1.04,15.62
2021/01/07,14.18,13.91,1.02,15.24
2021/01/08,14.16,13.91,1.02,14.9
2021/01/09,13.85,14.09,0.98,14.65
2021/01/10,14.22,14.09,1.01,15.26
2021/01/11,14.73,13.97,1.05,15.73
2021/01/12,14.52,13.81,1.05,15.54
2021/01/13,14.91,14.04,1.06,15.65
2021/01/14,15.95,14.11,1.13,17.15
2021/01/15,15.22,14.12,1.08,16.29
2021/01/16,15.01,14.26,1.05,15.87
2021/01/17,15,14.25,1.05,15.86
2021/01/18,16.01,14.36,1.11,17.19
2021/01/19,15.59,14.34,1.09,16.73
2021/01/20,11.12,14.55,0.76,18.93
2021/01/21,14.64,14.44,1.01,15.28
2021/01/22,14.6,14.52,1.01,15.55
2021/01/23,14.48,14.55,1.00,15.62
2021/01/24,14.59,14.57,1.00,15.56
2021/01/25,14.84,14.69,1.01,15.76
2021/01/26,14.16,14.64,0.97,15.23
2021/01/27,15.19,14.67,1.04,15.99
2021/01/28,14.94,14.58,1.02,15.71
2021/01/29,15.11,14.77,1.02,15.7
2021/01/30,14.52,14.51,1.00,15.7
2021/01/31,15.05,14.43,1.04,16.2
2021/02/01,15.41,14.75,1.04,15.88
2021/02/02,15.36,14.62,1.05,16.62
2021/02/03,15.1,14.74,1.02,16.29
2021/02/04,14.85,14.51,1.02,16.03
2021/02/05,14.63,14.79,0.99,15.42
2021/02/06,14.9,14.95,1.00,15.71
2021/02/07,15.03,14.72,1.02,16.14
2021/02/08,15.26,14.83,1.03,16.35
2021/02/09,15.06,14.97,1.01,16.08
2021/02/10,15.16,14.84,1.02,15.88
2021/02/11,14.98,14.85,1.01,15.93
2021/02/12,14.99,14.72,1.02,15.86
2021/02/13,14.72,14.92,0.99,15.64
2021/02/14,14.88,14.93,1.00,15.79
2021/02/15,15.88,14.74,1.08,17.14
2021/02/16,15.91,14.85,1.07,16.96
2021/02/17,15.49,14.86,1.04,16.88
2021/02/18,15.21,14.77,1.03,15.83
2021/02/19,14.95,14.69,1.02,16.09
2021/02/20,15.23,14.76,1.03,16.35
2021/02/21,15.07,14.78,1.02,16.37
2021/02/22,15.65,14.78,1.06,16.33
2021/02/23,15.92,14.54,1.09,17.09
2021/02/24,15.73,14.42,1.09,17.07
2021/02/25,15.53,14.69,1.06,16.33
2021/02/26,15.08,14.73,1.02,15.61
2021/02/27,14.79,14.65,1.01,15.3
2021/02/28,15.21,14.72,1.03,15.94
2021/03/01,15.14,14.59,1.04,15.82
2021/03/02,14.86,14.62,1.02,15.68
2021/03/03,14.69,14.83,0.99,15.17
2021/03/04,14.69,14.78,0.99,15.34
2021/03/05,15.37,14.95,1.03,15.95
2021/03/06,15.49,14.65,1.06,16.29
2021/03/07,15.5,14.66,1.06,16.15
2021/03/08,15.73,14.82,1.06,16.23
2021/03/09,15.2,14.97,1.02,15.79
2021/03/10,14.92,14.82,1.01,15.82
2021/03/11,14.85,14.6,1.02,15.5
2021/03/12,14.66,14.54,1.01,15.82
2021/03/13,13.93,14.35,0.97,14.48
2021/03/14,12.01,14.58,0.82,12.94
2021/03/15,13.06,14.27,0.92,13.33
2021/03/16,13.9,14.24,0.98,14.34
2021/03/17,14.83,14.07,1.05,15.2
2021/03/18,14.81,14.3,1.04,15.09
2021/03/19,14.77,14.5,1.02,15.02
2021/03/20,14.89,14.65,1.02,15.14
2021/03/21,14.85,14.83,1.00,15.87
2021/03/22,15.42,14.87,1.04,15.96
2021/03/23,15.51,14.72,1.05,16.1
2021/03/24,15.7,15.02,1.05,15.87
2021/03/25,15.31,15.34,1.00,15.98
2021/03/26,14.96,15,1.00,15.13
2021/03/27,15.08,15.2,0.99,15.65
2021/03/28,15.58,15.31,1.02,16.33
2021/03/29,15.51,15.21,1.02,16.39
2021/03/30,15.38,15.42,1.00,15.68
2021/03/31,15.16,15.65,0.97,15.89
2021/04/01,15.59,15.64,1.00,16.3
2021/04/02,15.21,15.29,0.99,16.11
2021/04/03,16,15.32,1.04,16.87
2021/04/04,15.81,16.09,0.98,16.99
2021/04/05,16.31,16.48,0.99,17.2
2021/04/06,15.28,16.19,0.94,16.02
2021/04/07,15.66,16.67,0.94,16.4
2021/04/08,16.48,16.98,0.97,17.57
2021/04/09,15.06,16.95,0.89,15.7
2021/04/10,15.92,16.92,0.94,17.12
2021/04/11,15.3,17.18,0.89,16.33
2021/04/12,14.84,17.01,0.87,15.83
2021/04/13,14.9,17.05,0.87,15.58
2021/04/14,14.75,16.69,0.88,15.08
2021/04/15,14.58,16.68,0.87,15.55
2021/04/16,14.49,16.72,0.87,15.14
2021/04/17,14.8,16.93,0.87,15.4
2021/04/18,14.85,17.79,0.83,15.67
2021/04/19,14.43,17.73,0.81,15.24
2021/04/20,14.57,17.6,0.83,14.81
2021/04/21,14.71,17.98,0.82,15.39
2021/04/22,14.92,18.43,0.81,15.76
2021/04/23,15,18.76,0.80,15.75
2021/04/24,14.76,18.92,0.78,15.75
2021/04/25,15.68,19.23,0.82,17.62
2021/04/26,16.03,18.71,0.86,17.35
2021/04/27,14.93,18.9,0.79,15.81
2021/04/28,15.52,19.29,0.80,16.61
2021/04/29,16.02,19.19,0.83,17.61
2021/04/30,16.87,19.69,0.86,18.51
2021/05/01,16.8,19.89,0.84,19.23
2021/05/02,15.8,20.33,0.78,17.4
2021/05/03,15.23,20.83,0.73,16.35
2021/05/04,16.02,21.92,0.73,17.16
2021/05/05,16,21.91,0.73,17.55
2021/05/06,16.72,21.67,0.77,17.98
2021/05/07,17.19,20.86,0.82,18.83
2021/05/08,16.37,20.86,0.78,18.52
2021/05/09,15.87,21.25,0.75,17.5
2021/05/10,15.69,21.25,0.74,17.59
2021/05/11,15.89,19.81,0.80,16.74
2021/05/12,16.92,19.35,0.87,18.41
2021/05/13,16.68,20.18,0.83,18.13
2021/05/14,16.87,20.74,0.81,20.29
2021/05/15,16.41,21.39,0.77,19.38
2021/05/16,16.21,21.68,0.75,19.6
2021/05/17,17.01,21.34,0.80,19.79
2021/05/18,16.41,21.58,0.76,16.61
2021/05/19,18.12,20.3,0.89,17.93
2021/05/20,17.51,20.55,0.85,18.14
2021/05/21,18.5,21.95,0.84,20.1
2021/05/22,17.09,22.13,0.77,18.39
2021/05/23,17.59,21.58,0.82,17.92
2021/05/24,19.16,20.72,0.92,20.99
2021/05/25,19.43,21.69,0.90,20.77
2021/05/26,21.06,21.91,0.96,24.64
2021/05/27,20.84,22.15,0.94,23.01
2021/05/28,22.82,23.34,0.98,23.21
2021/05/29,20.07,23.22,0.86,20.66
2021/05/30,17.96,23.51,0.76,16.51
2021/05/31,19.41,24.08,0.81,17.4
2021/06/01,19.52,26,0.75,16.85
2021/06/02,21.74,26.94,0.81,20.77
2021/06/03,22.53,27.69,0.81,24.26
2021/06/04,25.77,29.25,0.88,28.46
2021/06/05,25.35,29.51,0.86,29.75
2021/06/06,25.84,29.75,0.87,29.09
2021/06/07,28.61,29.32,0.98,33.14
2021/06/08,28.94,30.61,0.95,30.73
2021/06/09,31.69,29.77,1.06,34.48
2021/06/10,31.15,30.71,1.01,33.78
2021/06/11,33.2,31.43,1.06,36.36
2021/06/12,33.14,32.04,1.03,36.53
2021/06/13,33.58,32.47,1.03,36.75
2021/06/14,36.34,32.86,1.11,41.29
2021/06/15,36.18,34.35,1.05,41.01
2021/06/16,37.45,32.98,1.14,42.86
2021/06/17,36.86,32.24,1.14,39.24
2021/06/18,37.97,32.56,1.17,40.19
2021/06/19,33.9,32.46,1.04,34.96
2021/06/20,32.02,33.65,0.95,32.48
2021/06/21,35.78,33.25,1.08,38.12
2021/06/22,36.07,34.14,1.06,38.09
2021/06/23,37.05,34.24,1.08,41.06
2021/06/24,33.53,34.33,0.98,37.66
2021/06/25,32.16,33.85,0.95,35.84
2021/06/26,27.74,35.35,0.78,30.56
2021/06/27,28.2,35.93,0.78,32.61
2021/06/28,32.06,35.77,0.90,37.95
2021/06/29,32.02,36.66,0.87,37.78
2021/06/30,35.16,34.91,1.01,41.33
2021/07/01,31.05,34.49,0.90,34.38
2021/07/02,32.87,35.1,0.94,35.59
2021/07/03,32.23,36.44,0.88,35.24
2021/07/04,31.39,35.4,0.89,34.77
2021/07/05,35.91,34.35,1.05,40.36
2021/07/06,33.28,33.89,0.98,37.95
2021/07/07,37.19,32.42,1.15,42.22
2021/07/08,35.24,32.96,1.07,38.68
2021/07/09,37.44,33.83,1.11,41.65
2021/07/10,35.09,35.29,0.99,39.58
2021/07/11,35.12,36.02,0.98,39.24
2021/07/12,38.3,34.5,1.11,43.53
2021/07/13,34.79,34.57,1.01,38.59
2021/07/14,34.8,33.53,1.04,38.66
2021/07/15,32.5,33.99,0.96,35.26
2021/07/16,36.94,34.48,1.07,41.12
2021/07/17,36.09,35.14,1.03,39.76
2021/07/18,34.95,36.19,0.97,39.52
2021/07/19,38.72,34.94,1.11,44.31
2021/07/20,36.66,36.48,1.00,40
2021/07/21,36.88,35.74,1.03,41.73
2021/07/22,36.22,36.57,0.99,40.03
2021/07/23,36.15,36.61,0.99,39.67
2021/07/24,34.47,36.84,0.94,36.69
2021/07/25,35.47,35.64,1.00,37.49
2021/07/26,38.61,34.34,1.12,42.72
2021/07/27,36.11,34.95,1.03,40.65
2021/07/28,38.79,34.25,1.13,44.15
2021/07/29,37.61,34.49,1.09,41.27
2021/07/30,34.82,33.47,1.04,39.38
2021/07/31,29.38,33.99,0.86,28.94
2021/08/01,30.23,34.28,0.88,31.22
2021/08/02,35.5,34.23,1.04,37.96
2021/08/03,31.21,34.58,0.90,33.77
2021/08/04,31.51,33.04,0.95,34.83
2021/08/05,31.79,34.07,0.93,36.91
2021/08/06,34.32,33.49,1.02,40.04
2021/08/07,30.27,34.37,0.88,33.91
2021/08/08,31.25,34.95,0.89,35.67
2021/08/09,35.33,34.28,1.03,39.14
2021/08/10,32.52,34.64,0.94,36.29
2021/08/11,36.19,33.71,1.07,40.03
2021/08/12,33.94,34.69,0.98,36.46
2021/08/13,35.82,34.99,1.02,39.55
2021/08/14,34.47,34.8,0.99,37.49
2021/08/15,33.51,34.72,0.97,36.46
2021/08/16,36.39,33.88,1.07,40.71
2021/08/17,33.86,35.46,0.95,38.11
2021/08/18,35.86,34.48,1.04,40.43
2021/08/19,32.03,34.72,0.92,35.16
2021/08/20,31.19,34.64,0.90,33.46
2021/08/21,31.06,35.68,0.87,33.39
2021/08/22,32.15,35.55,0.90,34.58
2021/08/23,35.45,35.18,1.01,40.36
2021/08/24,33.21,36.55,0.91,38.13
2021/08/25,35.96,35.12,1.02,41.3
2021/08/26,32.77,35.85,0.91,37.75
2021/08/27,35.7,35.6,1.00,40.82
2021/08/28,34.19,35.78,0.96,38.34
2021/08/29,32.24,35.3,0.91,37.48
2021/08/30,35.75,34.92,1.02,40
2021/08/31,32.77,35.4,0.93,36.91
2021/09/01,34.36,35.18,0.98,38.56
2021/09/02,31.49,35.81,0.88,36
2021/09/03,34.02,35.37,0.96,36.95
2021/09/04,30.55,35.55,0.86,32.45
2021/09/05,30.89,35.29,0.88,33.54
2021/09/06,35.33,33.34,1.06,39.6
2021/09/07,32.61,33.23,0.98,35.61
2021/09/08,34.74,31.18,1.11,38.75
2021/09/09,33.05,31.19,1.06,36.19
2021/09/10,35.55,30.2,1.18,39.26
2021/09/11,32.89,29.41,1.12,36.95
2021/09/12,31.91,29.11,1.10,34.48
2021/09/13,32,28.25,1.13,35.96
2021/09/14,29.25,28.72,1.02,30.45
2021/09/15,31.81,28.26,1.13,34.89
2021/09/16,30.27,28.78,1.05,34.2
2021/09/17,31.78,28.65,1.11,36.05
2021/09/18,30.27,29.54,1.02,34.14
2021/09/19,30.5,29.63,1.03,34.62
2021/09/20,31.79,29.29,1.09,36.11
2021/09/21,28.44,29.94,0.95,31.34
2021/09/22,30.53,28.67,1.06,34.22
2021/09/23,28.6,29.23,0.98,31.6
2021/09/24,30.59,28.42,1.08,34.43
2021/09/25,28.77,28.61,1.01,31.85
2021/09/26,29.17,27.71,1.05,31.97
2021/09/27,31.6,26.73,1.18,35.61
2021/09/28,28.33,26.55,1.07,31.59
2021/09/29,27.1,25.24,1.07,29.85
2021/09/30,24.99,25.63,0.98,26.2
2021/10/01,25.46,24.21,1.05,30.21
2021/10/02,24.61,23.56,1.04,31.19
2021/10/03,24.49,22.89,1.07,29.46
2021/10/04,25.85,21.87,1.18,30.08
2021/10/05,24.63,21.52,1.14,27.27
2021/10/06,24.39,20.24,1.21,27.44
2021/10/07,22.89,20.33,1.13,24.55
2021/10/08,23.13,19.56,1.18,25.19
2021/10/09,21.49,18.6,1.16,22.04
2021/10/10,21.42,18.46,1.16,21.64
2021/10/11,21.1,17.95,1.18,23.12
2021/10/12,18.97,18,1.05,20.83
2021/10/13,17.3,17.75,0.97,18.13
2021/10/14,15.77,17.79,0.89,16.47
2021/10/15,15.11,17.49,0.86,16.24
2021/10/16,15.46,17.37,0.89,17.26
2021/10/17,16.01,17.17,0.93,16.78
2021/10/18,16.39,16.74,0.98,18.89
2021/10/19,16.18,16.66,0.97,19.57
2021/10/20,15.33,16.44,0.93,18.63
2021/10/21,15.71,16.19,0.97,19.27
2021/10/22,15.17,15.99,0.95,18.98
2021/10/23,14.6,15.75,0.93,18.13
2021/10/24,15.24,15.61,0.98,18.93
2021/10/25,15.26,15.27,1.00,16.92
2021/10/26,14.32,15.24,0.94,14.76
2021/10/27,14.84,15.54,0.95,14.59
2021/10/28,14.81,14.98,0.99,15.01
2021/10/29,14.71,15.15,0.97,14.35
2021/10/30,14.29,14.99,0.95,14.17
2021/10/31,14.19,14.6,0.97,13.6
2021/11/01,14.85,15.34,0.97,14.08
2021/11/02,13.53,15.49,0.87,14.16
2021/11/03,14.56,15.37,0.95,15.9
2021/11/04,14.63,15.04,0.97,16.05
2021/11/05,13.9,15.11,0.92,15.09
2021/11/06,14.27,15.38,0.93,15.42
2021/11/07,14.92,15.04,0.99,15.8
2021/11/08,13.49,15,0.90,15.79
2021/11/09,14.61,15.2,0.96,15.78
2021/11/10,13.88,15.21,0.91,16.56
2021/11/11,14.41,14.94,0.96,16.07
2021/11/12,13.88,15.15,0.92,15.63
2021/11/13,14.32,15.25,0.94,14.78
2021/11/14,14.65,14.98,0.98,16.6
2021/11/15,14.42,15.29,0.94,16.69
2021/11/16,14.27,15.05,0.95,15.37
2021/11/17,14.19,15.53,0.91,14.94
2021/11/18,13.67,15.06,0.91,15.06
2021/11/19,13.58,15.09,0.90,14.58
2021/11/20,13.12,14.89,0.88,14.77
2021/11/21,13.52,14.54,0.93,15.77
2021/11/22,14.02,13.79,1.02,16.21
2021/11/23,13.88,13.67,1.02,16.17
2021/11/24,13.29,13.23,1.00,14.24
2021/11/25,11,13.69,0.80,11.95
2021/11/26,11.7,13.89,0.84,12.04
2021/11/27,13.85,13.83,1.00,14.72
2021/11/28,14.3,13.84,1.03,15.2
2021/11/29,15.03,14.05,1.07,16.17
2021/11/30,14.34,14.37,1.00,14.22
2021/12/01,14.68,14.7,1.00,14.8
2021/12/02,15.26,14.86,1.03,15.37
2021/12/03,14.04,14.86,0.94,14.21
2021/12/04,14.3,15,0.95,14.84
2021/12/05,14.79,14.95,0.99,15.11
2021/12/06,14.56,14.53,1.00,13.71
2021/12/07,14.29,14.98,0.95,14.36
2021/12/08,14.35,14.92,0.96,15.02
2021/12/09,14.36,15.05,0.95,15.42
2021/12/10,13.69,15.03,0.91,14.52
2021/12/11,13.68,14.8,0.92,14.4
2021/12/12,14.35,14.94,0.96,15.33
2021/12/13,14.6,15.07,0.97,15.58
2021/12/14,14.41,14.88,0.97,15.58
2021/12/15,14.64,15.09,0.97,16.02
2021/12/16,14.83,14.83,1.00,15.9
2021/12/17,14.45,14.92,0.97,15.61
2021/12/18,13.18,14.89,0.89,14.66
2021/12/19,13.7,14.79,0.93,14.73
2021/12/20,14.1,14.89,0.95,15.5
2021/12/21,13.81,14.54,0.95,15.71
2021/12/22,14.2,14.23,1.00,15.85
2021/12/23,13.93,13.74,1.01,15.16
2021/12/24,11.55,12.37,0.93,13.06
2021/12/25,9.93,10.82,0.92,10.73
2021/12/26,11.9,13.2,0.90,12.87
2021/12/27,13.29,13.79,0.96,14.64
2021/12/28,13.39,13.93,0.96,14.47
2021/12/29,13.22,13.85,0.95,14.41
2021/12/30,13.24,13.83,0.96,14.47
2021/12/31,11.8,13.29,0.89,12.99
2022/01/01,12.09,12.45,0.97,13.12
2022/01/02,13.17,13.74,0.96,14.3
2022/01/03,13.6,14.18,0.96,14.83
2022/01/04,13.82,14.24,0.97,14.91
2022/01/05,13.72,14.4,0.95,14.43
2022/01/06,13.41,14.24,0.94,14.76
2022/01/07,13.4,14.12,0.95,14.39
2022/01/08,13.32,14.16,0.94,14.35
2022/01/09,13.36,14.27,0.94,14.68
2022/01/10,14.85,14.27,1.04,15.28
2022/01/11,13.19,14.18,0.93,14.06
2022/01/12,12.53,13.96,0.90,13.87
2022/01/13,13.46,14.24,0.95,14.19
2022/01/14,12.86,14.46,0.89,13.36
2022/01/15,13.15,14.38,0.91,13.64
2022/01/16,13.63,14.5,0.94,14.21
2022/01/17,13.95,14.43,0.97,14.92
2022/01/18,14.09,14.53,0.97,14.66
2022/01/19,14.15,14.42,0.98,14.52
2022/01/20,13.66,14.64,0.93,14.46
2022/01/21,13.57,14.59,0.93,13.96
2022/01/22,13.45,14.7,0.91,13.8
2022/01/23,14.1,14.68,0.96,14.66
2022/01/24,12.61,14.7,0.86,12.92
2022/01/25,13.41,14.91,0.90,13.72
2022/01/26,13.71,14.79,0.93,13.57
2022/01/27,13.78,14.9,0.92,13.27
2022/01/28,13.79,14.75,0.93,13.73
2022/01/29,13.72,14.95,0.92,13.22
2022/01/30,14.24,14.67,0.97,14.35
2022/01/31,13.99,14.63,0.96,13.63
2022/02/01,13.58,14.51,0.94,13.2
2022/02/02,13.44,14.33,0.94,13.42
2022/02/03,13.79,14.45,0.95,13.84
2022/02/04,13.33,14.22,0.94,13.95
2022/02/05,13.48,14.48,0.93,13.9
2022/02/06,14.36,14.7,0.98,14.69
2022/02/07,14.29,14.44,0.99,14.87
2022/02/08,13.92,14.56,0.96,14.43
2022/02/09,13.64,14.69,0.93,14.84
2022/02/10,14.06,14.59,0.96,14.93
2022/02/11,13.51,14.59,0.93,14.78
2022/02/12,13.68,14.47,0.95,14.8
2022/02/13,14.46,14.63,0.99,15.36
2022/02/14,13.97,14.64,0.95,15.53
2022/02/15,15.66,14.53,1.08,16.75
2022/02/16,13.59,14.64,0.93,14.68
2022/02/17,14.16,14.66,0.97,15.38
2022/02/18,13.96,14.53,0.96,15.19
2022/02/19,13.76,14.42,0.95,14.98
2022/02/20,14.04,14.61,0.96,15.19
2022/02/21,14.1,14.55,0.97,15.96
2022/02/22,13.98,14.58,0.96,14.72
2022/02/23,14.07,14.39,0.98,15.53
2022/02/24,13.6,14.28,0.95,14.72
2022/02/25,13.59,14.52,0.94,14.67
2022/02/26,13.85,14.51,0.95,14.82
2022/02/27,14.04,14.4,0.98,15.65
2022/02/28,14.44,14.49,1.00,15.58
2022/03/01,14.06,14.47,0.97,15.56
2022/03/02,14.14,14.47,0.98,15.26
2022/03/03,14.32,14.63,0.98,15.16
2022/03/04,12.74,14.62,0.87,14.43
2022/03/05,13.31,14.88,0.89,14.62
2022/03/06,13.73,14.59,0.94,15
2022/03/07,13.89,14.6,0.95,15.35
2022/03/08,13.82,14.76,0.94,15
2022/03/09,14.05,14.84,0.95,15.08
2022/03/10,13.99,14.61,0.96,15.65
2022/03/11,14.08,14.44,0.98,15.26
2022/03/12,13.94,14.44,0.97,15.09
2022/03/13,12.9,14.29,0.90,14.63
2022/03/14,13.32,14.23,0.94,14.29
2022/03/15,13.56,14.03,0.97,14.98
2022/03/16,12.79,14.06,0.91,13.86
2022/03/17,13.07,14.01,0.93,14.19
2022/03/18,13.25,14.24,0.93,14.29
2022/03/19,13.16,14.34,0.92,14.2
2022/03/20,13.94,14.4,0.97,15.51
2022/03/21,14.01,14.56,0.96,15.04
2022/03/22,14.54,14.74,0.99,15.51
2022/03/23,14.52,14.53,1.00,15.11
2022/03/24,14.54,14.92,0.97,15.47
2022/03/25,14.06,15.18,0.93,15.37
2022/03/26,13.84,14.74,0.94,15.26
2022/03/27,14.84,15,0.99,15.56
2022/03/28,14.7,15.2,0.97,15.81
2022/03/29,14.05,15.11,0.93,14.22
2022/03/30,14.47,15.26,0.95,14.87
2022/03/31,14.75,15.45,0.95,15.56
2022/04/01,14.75,15.23,0.97,14.94
2022/04/02,14.76,14.74,1.00,15.15
2022/04/03,14.78,15.15,0.98,14.54
2022/04/04,15.05,15.75,0.96,16.11
2022/04/05,14.85,16.04,0.93,15.54
2022/04/06,14.37,15.76,0.91,14.92
2022/04/07,14.58,16.16,0.90,14.93
2022/04/08,15.22,16.45,0.93,17.11
2022/04/09,15.17,16.3,0.93,15.49
2022/04/10,13.9,16.53,0.84,14.5
2022/04/11,15.24,16.39,0.93,16.07
2022/04/12,14.82,16.21,0.91,14.93
2022/04/13,14.71,16.33,0.90,14.8
2022/04/14,14.86,16.26,0.91,15.62
2022/04/15,15.18,16.15,0.94,15.93
2022/04/16,15.22,16.11,0.94,16.22
2022/04/17,15.11,16.32,0.93,15.85
2022/04/18,16.52,17.08,0.97,18.33
2022/04/19,17.78,17.03,1.04,19.63
2022/04/20,17.13,16.85,1.02,19.43
2022/04/21,17.41,17.31,1.01,21.1
2022/04/22,18.78,17.72,1.06,21.6
2022/04/23,16.97,18.16,0.93,19.06
2022/04/24,17.9,18.35,0.98,20.61
2022/04/25,19.07,18.56,1.03,21.24
2022/04/26,20.66,18.17,1.14,24.42
2022/04/27,21.42,18.09,1.18,25.99
2022/04/28,23.2,18.39,1.26,28.45
2022/04/29,22.11,18.51,1.19,25.6
2022/04/30,22.78,19.12,1.19,24.8
2022/05/01,23.51,19.32,1.22,24.65
2022/05/02,20.03,19.5,1.03,19.37
2022/05/03,18.5,19.72,0.94,18.41
2022/05/04,18.36,20.86,0.88,17.17
2022/05/05,18.25,20.55,0.89,17.27
2022/05/06,20.27,20.24,1.00,22.43
2022/05/07,22.04,19.33,1.14,23.49
2022/05/08,20.88,19.13,1.09,22.8
2022/05/09,23.41,19.33,1.21,25.84
2022/05/10,23.4,19.37,1.21,23.82
2022/05/11,25.98,18.88,1.38,27.15
2022/05/12,24.07,18.8,1.28,25.21
2022/05/13,26.76,19.43,1.38,28.35
2022/05/14,26.16,20.14,1.30,28.63
2022/05/15,26.21,20.71,1.27,29.23
2022/05/16,28.07,20.8,1.35,30.86
2022/05/17,26.12,20.58,1.27,28.7
2022/05/18,28.31,20.77,1.36,33.68
2022/05/19,24.5,19.99,1.23,29.19
2022/05/20,19.71,20.15,0.98,19.6
2022/05/21,18.28,21.6,0.85,15.87
2022/05/22,19.49,21.56,0.90,17.66
2022/05/23,20.56,20.89,0.98,21.51
2022/05/24,19.96,20.34,0.98,21.86
2022/05/25,23.77,21.24,1.12,28.28
2022/05/26,25.75,21.65,1.19,31.52
2022/05/27,29.64,21.64,1.37,36.95
2022/05/28,27.38,23.18,1.18,32.7
2022/05/29,23.25,23.01,1.01,28.68
2022/05/30,24.68,22.85,1.08,26.45
2022/05/31,22.03,23.38,0.94,23.94
2022/06/01,22.05,25.36,0.87,20.52
2022/06/02,21.92,26.38,0.83,20.32
2022/06/03,26.27,26.89,0.98,26.02
2022/06/04,26.94,28.74,0.94,27.81
2022/06/05,26.14,28.79,0.91,29.9
2022/06/06,27.13,28.99,0.94,29.64
2022/06/07,23.5,28.83,0.82,23.97
2022/06/08,27.61,30.08,0.92,30.99
2022/06/09,28.02,30.57,0.92,31.98
2022/06/10,31.21,31.36,1.00,36.59
2022/06/11,30.22,32.16,0.94,36.08
2022/06/12,31.06,32.39,0.96,36.24
2022/06/13,34.59,32.71,1.06,41.32
2022/06/14,30.95,33.32,0.93,36.11
2022/06/15,33.54,34.33,0.98,38.99
2022/06/16,32.83,33.5,0.98,37.5
2022/06/17,34.9,33.07,1.06,37.25
2022/06/18,32.42,33.55,0.97,35.31
2022/06/19,31.12,33.18,0.94,34.73
2022/06/20,35.21,34.24,1.03,40.51
2022/06/21,33.43,33.97,0.98,37.58
2022/06/22,35.63,34.43,1.03,41.21
2022/06/23,34.54,34.52,1.00,38.13
2022/06/24,35.21,34.06,1.03,39.59
2022/06/25,32.48,33.52,0.97,35.91
2022/06/26,30.46,34.5,0.88,31.57
2022/06/27,35.3,34.88,1.01,38.99
2022/06/28,35.14,35.05,1.00,38.09
2022/06/29,35.72,35.82,1.00,40.24
2022/06/30,30.05,34.98,0.86,32
2022/07/01,32.2,34.34,0.94,35.95
2022/07/02,28.8,35.39,0.81,30.94
2022/07/03,30.06,36.39,0.83,32.82
2022/07/04,34.34,34.94,0.98,38.02
2022/07/05,30.96,34.59,0.90,34.35
2022/07/06,32.42,34.05,0.95,35.7
2022/07/07,30.14,33.48,0.90,34.09
2022/07/08,35.23,33.66,1.05,39.66
2022/07/09,34.08,34.74,0.98,39.9
2022/07/10,34.06,35.8,0.95,39.42
2022/07/11,37.31,36.28,1.03,42.15
2022/07/12,34.18,35.21,0.97,38.38
2022/07/13,36.74,35.27,1.04,41.28
2022/07/14,33.79,34.25,0.99,38.34
2022/07/15,36.78,34.05,1.08,40.9
2022/07/16,31.89,34.66,0.92,36.37
2022/07/17,33.68,36.17,0.93,38.2
2022/07/18,37.43,36,1.04,42.98
2022/07/19,36.26,35.51,1.02,39.74
2022/07/20,36.32,36.36,1.00,41.23
2022/07/21,33.03,36.03,0.92,37.45
2022/07/22,37.41,36.51,1.02,42.28
2022/07/23,32.73,36.34,0.90,37.58
2022/07/24,27.43,36.4,0.75,29.48
2022/07/25,32.72,35.07,0.93,34.4
2022/07/26,31.11,34.41,0.90,35.48
2022/07/27,34.13,34.69,0.98,40.17
2022/07/28,25.8,34.37,0.75,26.95
2022/07/29,25.96,34.17,0.76,27.93
2022/07/30,27.06,32.9,0.82,30.34
2022/07/31,28.36,32.77,0.87,31.71
2022/08/01,32.12,33.36,0.96,37.05
2022/08/02,30.33,34.24,0.89,33.8
2022/08/03,33.21,33.97,0.98,36.45
2022/08/04,31.51,32.82,0.96,34.43
2022/08/05,33.77,33.33,1.01,37.79
2022/08/06,32.21,33.09,0.97,35.53
2022/08/07,30.95,33.49,0.92,32.83
2022/08/08,33.14,33.92,0.98,35.09
2022/08/09,32.36,33.91,0.95,34.54
2022/08/10,35.01,33.9,1.03,38.67
2022/08/11,32.82,33.16,0.99,39.07
2022/08/12,35.94,34.05,1.06,44.16
2022/08/13,32.29,34.6,0.93,39.68
2022/08/14,29.11,34.44,0.85,35.5
2022/08/15,30.68,34.06,0.90,36.61
2022/08/16,27.73,33.78,0.82,30.28
2022/08/17,31.41,34.82,0.90,37.68
2022/08/18,31.42,34.02,0.92,37.95
2022/08/19,33.73,33.91,0.99,40.48
2022/08/20,32.23,33.82,0.95,37.23
2022/08/21,30.94,34.71,0.89,36.6
2022/08/22,34.99,34.59,1.01,40.06
2022/08/23,32.63,34.68,0.94,35.1
2022/08/24,35.48,35.52,1.00,39.3
2022/08/25,30.72,34.63,0.89,33.82
2022/08/26,33.78,34.87,0.97,36.61
2022/08/27,32.76,35.04,0.93,35.64
2022/08/28,32.22,35.25,0.91,35.34
2022/08/29,35.69,34.6,1.03,39.76
2022/08/30,32.47,34.18,0.95,36.55
2022/08/31,34.7,34.52,1.01,39.63
2022/09/01,33.33,34.22,0.97,39.03
2022/09/02,34.32,34.65,0.99,41.27
2022/09/03,29.99,34.79,0.86,34.01
2022/09/04,30.38,34.7,0.88,36.09
2022/09/05,35.32,34.14,1.03,41.71
2022/09/06,33.17,33.41,0.99,37.23
2022/09/07,34.83,33.35,1.04,38.79
2022/09/08,32.58,31.79,1.02,35.31
2022/09/09,31.28,31.31,1.00,33.02
2022/09/10,25.05,30.06,0.83,23.54
2022/09/11,25.37,29.68,0.85,24.77
2022/09/12,30.01,28.74,1.04,33.66
2022/09/13,29.41,28.18,1.04,35.76
2022/09/14,30.02,28.64,1.05,39.17
2022/09/15,28.01,28.97,0.97,34.7
2022/09/16,30.19,29.23,1.03,36.6
2022/09/17,28.38,29.44,0.96,34.49
2022/09/18,28.68,29.99,0.96,34.4
2022/09/19,31.36,29.85,1.05,36.32
2022/09/20,28.15,29.64,0.95,31.36
2022/09/21,27.04,29.8,0.91,28.52
2022/09/22,21.54,28.89,0.75,20.02
2022/09/23,23.94,28.98,0.83,25.69
2022/09/24,23.59,28.47,0.83,26.66
2022/09/25,24.4,28.33,0.86,28.7
2022/09/26,27.48,27.39,1.00,32.3
2022/09/27,25.4,26.78,0.95,28.74
2022/09/28,27.68,26.06,1.06,31.03
2022/09/29,25.61,24.93,1.03,28.03
2022/09/30,24.3,24.97,0.97,26.29
2022/10/01,21.77,23.82,0.91,21.73
2022/10/02,21.27,23.13,0.92,22.96
2022/10/03,24.44,22.4,1.09,27.06
2022/10/04,21.28,21.62,0.98,22.08
2022/10/05,22.12,21.07,1.05,26.61
2022/10/06,21,20.11,1.04,26.31
2022/10/07,20.55,20.1,1.02,24.57
2022/10/08,18.66,19.85,0.94,21.45
2022/10/09,19.48,18.77,1.04,22.54
2022/10/10,21.39,18.55,1.15,25.08
2022/10/11,19.36,18.04,1.07,22.5
2022/10/12,19.45,17.81,1.09,22.29
2022/10/13,18.98,17.44,1.09,21.12
2022/10/14,19.43,17.31,1.12,21.65
2022/10/15,18.34,16.98,1.08,19.82
2022/10/16,18.07,16.98,1.06,19.69
2022/10/17,18.33,16.91,1.08,19.77
2022/10/18,17.77,16.59,1.07,18.77
2022/10/19,17.8,16.51,1.08,18.84
2022/10/20,17.2,16.27,1.06,18.65
2022/10/21,17.56,16,1.10,19.24
2022/10/22,16.33,15.8,1.03,17.99
2022/10/23,15.72,15.48,1.02,16.83
2022/10/24,16.32,15.42,1.06,17.45
2022/10/25,15.69,15.28,1.03,17.63
2022/10/26,15.62,15.29,1.02,17.65
2022/10/27,14.64,15.55,0.94,16.56
2022/10/28,14.82,15.02,0.99,16.15
2022/10/29,14.28,15.21,0.94,16.03
2022/10/30,14.79,15.03,0.98,16.65
2022/10/31,14.56,14.6,1.00,15.94
2022/11/01,16.37,15.16,1.08,18.07
2022/11/02,15.27,15.24,1.00,16.66
2022/11/03,14.26,15.2,0.94,15.35
2022/11/04,14.24,15.08,0.94,15.83
2022/11/05,13.23,15.09,0.88,14.56
2022/11/06,14.87,15.13,0.98,15.72
2022/11/07,14.48,14.92,0.97,16.43
2022/11/08,14.98,14.71,1.02,16.23
2022/11/09,14.42,15.07,0.96,15.47
2022/11/10,14.46,14.93,0.97,15.23
2022/11/11,14.47,14.77,0.98,16.14
2022/11/12,14.36,14.99,0.96,16.01
2022/11/13,14.6,15.12,0.97,15.71
2022/11/14,14.92,14.82,1.01,16.91
2022/11/15,15.2,15.04,1.01,16.6
2022/11/16,15.33,14.7,1.04,16.9
2022/11/17,14.88,15.19,0.98,16.34
2022/11/18,14.99,14.71,1.02,16.3
2022/11/19,14.73,14.85,0.99,16.23
2022/11/20,14.08,14.6,0.96,15.67
2022/11/21,14.6,14.28,1.02,15.98
2022/11/22,13.99,13.55,1.03,15.22
2022/11/23,13.59,13.44,1.01,11.5
2022/11/24,11.49,13.24,0.87,12.92
2022/11/25,13.06,13.47,0.97,14.59
2022/11/26,13.51,13.52,1.00,15.18
2022/11/27,14.08,13.6,1.04,15.51
2022/11/28,14.53,13.65,1.06,15.55
2022/11/29,14.36,13.9,1.03,14.76
2022/11/30,14.81,14.17,1.05,15.34
2022/12/01,15.11,14.43,1.05,15.49
2022/12/02,14.32,14.68,0.98,14.82
2022/12/03,13.89,14.57,0.95,14.66
2022/12/04,14.42,14.7,0.98,14.8
2022/12/05,14.62,14.67,1.00,15.15
2022/12/06,14.41,14.17,1.02,15.36
2022/12/07,15.37,14.49,1.06,16.02
2022/12/08,14.75,14.69,1.00,15.77
2022/12/09,14.92,14.71,1.01,15.35
2022/12/10,14.3,14.68,0.97,15
2022/12/11,14.36,14.59,0.98,15.08
2022/12/12,14.45,14.74,0.98,15.08
2022/12/13,14.04,14.78,0.95,14.6
2022/12/14,14.56,14.57,1.00,14.84
2022/12/15,14.64,14.71,1.00,15.64
2022/12/16,14.33,14.74,0.97,15.68
2022/12/17,13.53,14.62,0.93,15.18
2022/12/18,15.3,14.45,1.06,15.46
2022/12/19,13.1,14.42,0.91,15.74
2022/12/20,14.02,14.55,0.96,15.55
2022/12/21,15.17,14.19,1.07,15.41
2022/12/22,12.49,14,0.89,15.08
2022/12/23,14.37,13.55,1.06,14.59
2022/12/24,14.16,12.12,1.17,15.83
2022/12/25,11.89,10.57,1.12,13.24
2022/12/26,12.61,12.86,0.98,15
2022/12/27,13.79,13.5,1.02,14.04
2022/12/28,13.72,13.63,1.01,13.69
2022/12/29,13.92,13.55,1.03,14.88
2022/12/30,13.15,13.52,0.97,14.49
2022/12/31,14.93,12.89,1.16,15.23
2023/01/01,12.68,12.29,1.03,15.24
2023/01/02,13.33,13.56,0.98,14.34
2023/01/03,14.08,13.91,1.01,15.58
2023/01/04,13.92,14,0.99,15.16
2023/01/05,15.98,14.09,1.13,15.32
2023/01/06,14.44,13.97,1.03,16.06
2023/01/07,14.65,13.84,1.06,16.05
2023/01/08,14.33,13.89,1.03,15.8
2023/01/09,14.04,13.96,1.01,15.7
2023/01/10,14.32,14.09,1.02,15.67
2023/01/11,13.96,13.82,1.01,15.35
2023/01/12,14.13,13.53,1.04,15.44
2023/01/13,14.35,13.94,1.03,15.91
2023/01/14,14.23,14.13,1.01,15.48
2023/01/15,13.8,14.09,0.98,15.15
2023/01/16,14.35,14.21,1.01,15.87
2023/01/17,14.69,14.14,1.04,16.34
2023/01/18,14.29,14.32,1.00,15.5
2023/01/19,14.66,14.17,1.03,16.07
2023/01/20,14.07,14.35,0.98,15.56
2023/01/21,14.11,14.32,0.99,15.16
2023/01/22,14.43,14.45,1.00,15.98
2023/01/23,14.31,14.46,0.99,14.86
2023/01/24,14.57,14.32,1.02,14.15
2023/01/25,14.16,14.59,0.97,13.81
2023/01/26,14.35,14.53,0.99,13.82
2023/01/27,14.46,14.65,0.99,13.59
2023/01/28,14.24,14.5,0.98,13.86
2023/01/29,14.65,14.62,1.00,14.36
2023/01/30,14.61,14.35,1.02,14.15
2023/01/31,14.84,14.38,1.03,14.98
2023/02/01,14.91,14.37,1.04,15.05
2023/02/02,14.48,14.22,1.02,15.1
2023/02/03,14.31,14.32,1.00,14.78
2023/02/04,14.07,14.06,1.00,14.58
2023/02/05,14.47,14.27,1.01,14.72
2023/02/06,14.16,14.57,0.97,14.96
2023/02/07,14.21,14.31,0.99,14.21
2023/02/08,14.16,14.38,0.98,14.65
2023/02/09,14.42,14.48,1.00,15.43
2023/02/10,14.18,14.42,0.98,15.21
2023/02/11,13.98,14.39,0.97,15.53
2023/02/12,13.96,14.28,0.98,15.43
2023/02/13,14.03,14.48,0.97,15.49
2023/02/14,13.83,14.44,0.96,14.58
2023/02/15,13.83,14.55,0.95,15.12
2023/02/16,14.23,14.41,0.99,15.86
2023/02/17,14.14,14.51,0.97,15.6
2023/02/18,13.94,14.4,0.97,15.16
2023/02/19,13.81,14.24,0.97,14.72
2023/02/20,13.77,14.41,0.96,15.29
2023/02/21,14.11,14.35,0.98,15.54
2023/02/22,13.97,14.38,0.97,15.09
2023/02/23,13.98,14.2,0.98,15.31
2023/02/24,14.31,14.07,1.02,15.28
2023/02/25,13.6,14.3,0.95,14.92
2023/02/26,13.61,14.28,0.95,14.98
2023/02/27,14.3,14.22,1.01,15.52
2023/02/28,14.3,14.38,0.99,14.93
2023/03/01,14.2,14.27,1.00,15.14
2023/03/02,14.03,14.34,0.98,15.25
2023/03/03,14.04,14.52,0.97,15.22
2023/03/04,13.38,14.22,0.94,14.39
2023/03/05,13.39,14.6,0.92,14.48
2023/03/06,14.23,14.33,0.99,15.16
2023/03/07,14.13,14.45,0.98,15.39
2023/03/08,14.14,14.5,0.98,15.39
2023/03/09,14.43,14.63,0.99,15.4
2023/03/10,13.79,14.47,0.95,14.88
2023/03/11,14.43,14.26,1.01,14.63
2023/03/12,11.46,14.24,0.80,14.38
2023/03/13,13.31,13.99,0.95,14.15
2023/03/14,13.06,13.93,0.94,14.22
2023/03/15,13.3,13.9,0.96,14.41
2023/03/16,12.77,13.66,0.93,14.15
2023/03/17,13.06,13.61,0.96,13.81
2023/03/18,12.98,13.93,0.93,14.21
2023/03/19,13.89,14.02,0.99,15.21
2023/03/20,13.96,14.14,0.99,15
2023/03/21,13.67,14.24,0.96,14.24
2023/03/22,13.8,14.4,0.96,15.27
2023/03/23,13.94,14.18,0.98,15.41
2023/03/24,13.54,14.4,0.94,15.06
2023/03/25,13.23,14.61,0.91,14.26
2023/03/26,13.65,14.28,0.96,14.77
2023/03/27,13.27,14.6,0.91,14.66
2023/03/28,13.46,14.73,0.91,14.83
2023/03/29,13.5,14.62,0.92,14.93
2023/03/30,13.93,14.7,0.95,15.41
2023/03/31,13.82,14.73,0.94,14.33
2023/04/01,13.93,14.72,0.95,14.38
2023/04/02,14.48,14.64,0.99,15.01
2023/04/03,14.37,15.03,0.96,14.81
2023/04/04,14.58,15.53,0.94,15.01
2023/04/05,14.67,15.74,0.93,14.83
2023/04/06,14.83,15.35,0.97,16.56
2023/04/07,14.77,15.62,0.95,15.39
2023/04/08,13.9,15.99,0.87,14.41
2023/04/09,14.8,15.67,0.94,16.42
2023/04/10,15.1,15.68,0.96,17.01
2023/04/11,15.61,15.98,0.98,17.71
2023/04/12,15.56,15.79,0.99,20.83
2023/04/13,15.33,15.83,0.97,17.6
2023/04/14,14.49,16.03,0.90,16.54
2023/04/15,13.42,16.01,0.84,16.39
2023/04/16,15.84,15.66,1.01,19.09
2023/04/17,15.86,15.77,1.01,19.72
2023/04/18,15.43,16.37,0.94,19.82
2023/04/19,15.64,16.6,0.94,17.74
2023/04/20,14.6,16.23,0.90,13.86
2023/04/21,14.59,16.33,0.89,12.86
2023/04/22,13.14,16.78,0.78,10.89
2023/04/23,14.1,16.81,0.84,13.4
2023/04/24,15.83,17.13,0.92,14.44
2023/04/25,14.77,17.39,0.85,12.59
2023/04/26,15,17.4,0.86,12.97
2023/04/27,15.34,17.63,0.87,14.22
2023/04/28,15.02,18.14,0.83,14.18
2023/04/29,15.27,17.85,0.86,14.85
2023/04/30,15.99,18.04,0.89,16.95
2023/05/01,17.56,18.5,0.95,19.07
2023/05/02,17.92,18.21,0.98,20.58
2023/05/03,19.97,18.27,1.09,23
2023/05/04,18.69,19.14,0.98,21.2
2023/05/05,20.01,19.06,1.05,22.51
2023/05/06,20.04,19.42,1.03,21.52
2023/05/07,20.19,19.35,1.04,21.53
2023/05/08,23.44,18.89,1.24,24.8
2023/05/09,22.47,18.83,1.19,25.95
2023/05/10,19.44,18.78,1.04,20.12
2023/05/11,17.17,18.68,0.92,15.56
2023/05/12,17.35,18.97,0.91,14.93
2023/05/13,16.66,19.69,0.85,14.2
2023/05/14,15.52,19.74,0.79,14.09
2023/05/15,17.38,20.2,0.86,17.58
2023/05/16,17.34,20.28,0.86,18.68
2023/05/17,18.93,20.11,0.94,23.09
2023/05/18,17.89,20.36,0.88,22.15
2023/05/19,17.6,20.07,0.88,21.17
2023/05/20,16.54,19.64,0.84,21.51
2023/05/21,18.04,20.39,0.88,23.77
2023/05/22,21.29,20.35,1.05,28.03
2023/05/23,21.68,20.24,1.07,28.56
2023/05/24,21.97,20.16,1.09,27.24
2023/05/25,21.86,21.24,1.03,24.02
2023/05/26,22.37,21.77,1.03,23.79
2023/05/27,20.84,22.17,0.94,20.97
2023/05/28,19.02,22.89,0.83,18.24
2023/05/29,21.61,22.19,0.97,22.71
2023/05/30,23.17,22,1.05,23.94
2023/05/31,24.35,22.42,1.09,26.46
2023/06/01,22.03,23.96,0.92,23.22
2023/06/02,19.68,25.18,0.78,20.38
2023/06/03,17.95,26.09,0.69,19.4
2023/06/04,16.8,27.64,0.61,15.47
2023/06/05,19.17,27.87,0.69,21.3
2023/06/06,18.09,27.72,0.65,22.25
2023/06/07,19.57,27.52,0.71,26.09
2023/06/08,20.02,28.82,0.69,25.52
2023/06/09,20.81,29.36,0.71,26.99
2023/06/10,18.72,30.65,0.61,23.27
2023/06/11,18.01,31.03,0.58,22.31
2023/06/12,18.52,31.52,0.59,18.57
2023/06/13,17.73,32.01,0.55,16.62
2023/06/14,18.74,32.4,0.58,17.14
2023/06/15,18.05,33.58,0.54,18.51
2023/06/16,17.62,32.75,0.54,19.44
2023/06/17,16.89,32.62,0.52,18.22
2023/06/18,17.03,32.25,0.53,18.41
2023/06/19,20.96,31.91,0.66,24.26
2023/06/20,20.52,33.27,0.62,25.86
2023/06/21,21.87,32.81,0.67,25.92
2023/06/22,20.41,33.18,0.62,23.23
2023/06/23,,33.45,,
2023/06/24,,33.19,,
2023/06/25,,32.58,,
2023/06/26,,33.24,,
2023/06/27,,34.24,,
2023/06/28,,34.81,,
2023/06/29,,35.12,,
2023/06/30,,33.72,,
2023/07/01,,33.21,,
2023/07/02,,33.81,,
2023/07/03,,35.21,,
2023/07/04,,34.03,,
2023/07/05,,33.79,,
2023/07/06,,33.78,,
2023/07/07,,33.72,,
2023/07/08,,34.55,,
2023/07/09,,35.35,,
2023/07/10,,36.28,,
2023/07/11,,36.6,,
2023/07/12,,35.14,,
2023/07/13,,35.07,,
2023/07/14,,33.92,,
2023/07/15,,33.92,,
2023/07/16,,33.95,,
2023/07/17,,35.78,,
2023/07/18,,35.52,,
2023/07/19,,35.2,,
2023/07/20,,35.68,,
2023/07/21,,35.19,,
2023/07/22,,36.08,,
2023/07/23,,35.38,,
2023/07/24,,35.01,,
2023/07/25,,34.52,,
2023/07/26,,33.96,,
2023/07/27,,34.24,,
2023/07/28,,33.05,,
2023/07/29,,33.05,,
2023/07/30,,32.06,,
2023/07/31,,31.98,,
2023/08/01,,32.96,,
2023/08/02,,33.73,,
2023/08/03,,33.43,,
2023/08/04,,32.26,,
2023/08/05,,32.87,,
2023/08/06,,32.56,,
2023/08/07,,32.95,,
2023/08/08,,33.14,,
2023/08/09,,33.17,,
2023/08/10,,33.38,,
2023/08/11,,32.79,,
2023/08/12,,33.94,,
2023/08/13,,33.96,,
2023/08/14,,33.59,,
2023/08/15,,33.24,,
2023/08/16,,33.12,,
2023/08/17,,34.13,,
2023/08/18,,33.38,,
2023/08/19,,33.52,,
2023/08/20,,33.29,,
2023/08/21,,34.1,,
2023/08/22,,34.19,,
2023/08/23,,34.23,,
2023/08/24,,35.24,,
2023/08/25,,34.05,,
2023/08/26,,34.48,,
2023/08/27,,34.39,,
2023/08/28,,34.84,,
2023/08/29,,34.27,,
2023/08/30,,33.68,,
2023/08/31,,34.04,,
2023/09/01,,33.96,,
2023/09/02,,34.59,,
2023/09/03,,33.93,,
2023/09/04,,34.11,,
2023/09/05,,33.86,,
2023/09/06,,33.1,,
2023/09/07,,33.27,,
2023/09/08,,31.64,,
2023/09/09,,30.77,,
2023/09/10,,28.79,,
2023/09/11,,28.99,,
2023/09/12,,29.03,,
2023/09/13,,28.75,,
2023/09/14,,28.99,,
2023/09/15,,28.97,,
2023/09/16,,29.32,,
2023/09/17,,29.18,,
2023/09/18,,29.91,,
2023/09/19,,29.72,,
2023/09/20,,29.31,,
2023/09/21,,29.17,,
2023/09/22,,27.93,,
2023/09/23,,28.25,,
2023/09/24,,27.68,,
2023/09/25,,28.07,,
2023/09/26,,27.82,,
2023/09/27,,27.21,,
2023/09/28,,26.61,,
2023/09/29,,25.43,,
2023/09/30,,25.13,,
2023/10/01,,23.58,,
2023/10/02,,22.81,,
2023/10/03,,22.5,,
2023/10/04,,21.67,,
2023/10/05,,21.44,,
2023/10/06,,20.59,,
2023/10/07,,20.47,,
2023/10/08,,19.88,,
2023/10/09,,18.98,,
2023/10/10,,18.92,,
2023/10/11,,18.23,,
2023/10/12,,18.05,,
2023/10/13,,17.79,,
2023/10/14,,17.64,,
2023/10/15,,17.12,,
2023/10/16,,17.09,,
2023/10/17,,17.14,,
2023/10/18,,16.75,,
2023/10/19,,16.71,,
2023/10/20,,16.36,,
2023/10/21,,16.11,,
2023/10/22,,15.8,,
2023/10/23,,15.44,,
2023/10/24,,15.66,,
2023/10/25,,15.45,,
2023/10/26,,15.51,,
2023/10/27,,15.62,,
2023/10/28,,15.15,,
2023/10/29,,15.24,,
2023/10/30,,15.04,,
2023/10/31,,14.62,,
2023/11/01,,15.04,,
2023/11/02,,15.08,,
2023/11/03,,14.9,,
2023/11/04,,14.78,,
2023/11/05,,14.61,,
2023/11/06,,14.88,,
2023/11/07,,14.54,,
2023/11/08,,14.44,,
2023/11/09,,14.69,,
2023/11/10,,14.58,,
2023/11/11,,14.41,,
2023/11/12,,14.49,,
2023/11/13,,14.71,,
2023/11/14,,14.54,,
2023/11/15,,14.78,,
2023/11/16,,14.47,,
2023/11/17,,14.89,,
2023/11/18,,14.45,,
2023/11/19,,14.63,,
2023/11/20,,14.24,,
2023/11/21,,14.04,,
2023/11/22,,13.59,,
2023/11/23,,13.48,,
2023/11/24,,12.78,,
2023/11/25,,13.03,,
2023/11/26,,13.18,,
2023/11/27,,13.21,,
2023/11/28,,13.38,,
2023/11/29,,13.62,,
2023/11/30,,13.92,,
2023/12/01,,14.02,,
2023/12/02,,14.17,,
2023/12/03,,13.97,,
2023/12/04,,14.14,,
2023/12/05,,14.16,,
2023/12/06,,13.67,,
2023/12/07,,14.1,,
2023/12/08,,14.27,,
2023/12/09,,14.27,,
2023/12/10,,14.19,,
2023/12/11,,14.06,,
2023/12/12,,14.24,,
2023/12/13,,14.21,,
2023/12/14,,14.05,,
2023/12/15,,14.2,,
2023/12/16,,14.21,,
2023/12/17,,13.92,,
2023/12/18,,13.91,,
2023/12/19,,13.74,,
2023/12/20,,13.89,,
2023/12/21,,13.77,,
2023/12/22,,13.36,,
2023/12/23,,13.12,,
2023/12/24,,11.96,,
2023/12/25,,10.22,,
2023/12/26,,12.3,,
2023/12/27,,13.02,,
2023/12/28,,13.29,,
2023/12/29,,13.27,,
2023/12/30,,13.22,,
2023/12/31,,12.81,,
